display_first_last,classification,from_year,to_year
Troy Brown Jr.,BUST,2018.0,2023.0
Svi Mykhailiuk,BUST,2018.0,2023.0
Aaron Holiday,BUST,2018.0,2023.0
Robert Williams III,BUST,2018.0,2023.0
Grayson Allen,BUST,2018.0,2023.0
Devonte' Graham,BUST,2018.0,2023.0
Kendrick Nunn,BUST,2018.0,2023.0
Theo Pinson,BUST,2018.0,2023.0
Anfernee Simons,BUST,2018.0,2023.0
Hamidou Diallo,BUST,2018.0,2023.0
Mikal Bridges,BUST,2018.0,2023.0
Chimezie Metu,BUST,2018.0,2023.0
Miles Bridges,BUST,2018.0,2023.0
Drew Eubanks,BUST,2018.0,2023.0
Isaiah Hartenstein,BUST,2018.0,2023.0
De'Anthony Melton,BUST,2018.0,2023.0
Wenyen Gabriel,BUST,2018.0,2023.0
Jarred Vanderbilt,BUST,2018.0,2023.0
Bruce Brown,BUST,2018.0,2023.0
Landry Shamet,BUST,2018.0,2023.0
Jevon Carter,BUST,2018.0,2023.0
Wendell Carter Jr.,BUST,2018.0,2023.0
Duncan Robinson,BUST,2018.0,2023.0
Donte DiVincenzo,BUST,2018.0,2023.0
Mitchell Robinson,BUST,2018.0,2023.0
Shake Milton,BUST,2018.0,2023.0
Kevin Knox II,BUST,2018.0,2023.0
Josh Okogie,BUST,2018.0,2023.0
Haywood Highsmith,BUST,2018.0,2023.0
Lonnie Walker IV,BUST,2018.0,2023.0
Marvin Bagley III,BUST,2018.0,2023.0
Deandre Ayton,BUST,2018.0,2023.0
Grant Williams,BUST,2019.0,2023.0
Louis King,BUST,2019.0,2023.0
Nickeil Alexander-Walker,BUST,2019.0,2023.0
Talen Horton-Tucker,BUST,2019.0,2023.0
Jordan McLaughlin,BUST,2019.0,2023.0
Luka Samanic,BUST,2019.0,2023.0
Terence Davis,BUST,2019.0,2023.0
Brandon Clarke,BUST,2019.0,2023.0
Rui Hachimura,BUST,2019.0,2023.0
John Konchar,BUST,2019.0,2023.0
Gabe Vincent,BUST,2019.0,2023.0
Cameron Johnson,BUST,2019.0,2023.0
Ty Jerome,BUST,2019.0,2023.0
Goga Bitadze,BUST,2019.0,2023.0
Dean Wade,BUST,2019.0,2023.0
Coby White,BUST,2019.0,2023.0
Bol Bol,BUST,2019.0,2023.0
Romeo Langford,BUST,2019.0,2023.0
DaQuan Jeffries,BUST,2019.0,2023.0
Juan Toscano-Anderson,BUST,2019.0,2023.0
Daniel Gafford,BUST,2019.0,2023.0
Admiral Schofield,BUST,2019.0,2023.0
Caleb Martin,BUST,2019.0,2023.0
Cody Martin,BUST,2019.0,2023.0
Jalen McDaniels,BUST,2019.0,2023.0
Jaxson Hayes,BUST,2019.0,2023.0
Isaiah Roby,BUST,2019.0,2023.0
Terance Mann,BUST,2019.0,2023.0
Jordan Poole,BUST,2019.0,2023.0
Bruno Fernando,BUST,2019.0,2023.0
Nassir Little,BUST,2019.0,2023.0
Kevin Porter Jr.,BUST,2019.0,2023.0
Oshae Brissett,BUST,2019.0,2023.0
Matisse Thybulle,BUST,2019.0,2023.0
Garrison Mathews,BUST,2019.0,2023.0
Nic Claxton,BUST,2019.0,2023.0
Naz Reid,BUST,2019.0,2023.0
Cam Reddish,BUST,2019.0,2023.0
Luguentz Dort,BUST,2019.0,2023.0
De'Andre Hunter,BUST,2019.0,2023.0
Max Strus,BUST,2019.0,2023.0
Vlatko Cancar,BUST,2019.0,2023.0
RJ Barrett,BUST,2019.0,2023.0
Dylan Windler,BUST,2019.0,2023.0
Darius Bazley,BUST,2019.0,2023.0
Javonte Green,BUST,2019.0,2023.0
Jaylen Nowell,BUST,2019.0,2023.0
Desmond Bane,BUST,2020.0,2023.0
James Wiseman,BUST,2020.0,2023.0
Tre Jones,BUST,2020.0,2023.0
Vernon Carey Jr.,BUST,2020.0,2023.0
Isaiah Stewart,BUST,2020.0,2023.0
Isaac Okoro,BUST,2020.0,2023.0
Saben Lee,BUST,2020.0,2023.0
Saddiq Bey,BUST,2020.0,2023.0
Udoka Azubuike,BUST,2020.0,2023.0
Anthony Lamb,BUST,2020.0,2023.0
Trent Forrest,BUST,2020.0,2023.0
Obi Toppin,BUST,2020.0,2023.0
Anthony Gill,BUST,2020.0,2023.0
Onyeka Okongwu,BUST,2020.0,2023.0
Aleksej Pokusevski,BUST,2020.0,2023.0
Jae'Sean Tate,BUST,2020.0,2023.0
Xavier Tillman,BUST,2020.0,2023.0
Killian Hayes,BUST,2020.0,2023.0
Kenyon Martin Jr.,BUST,2020.0,2023.0
Naji Marshall,BUST,2020.0,2023.0
Theo Maledon,BUST,2020.0,2023.0
Nick Richards,BUST,2020.0,2023.0
Mamadi Diakite,BUST,2020.0,2023.0
Jalen Smith,BUST,2020.0,2023.0
Payton Pritchard,BUST,2020.0,2023.0
Immanuel Quickley,BUST,2020.0,2023.0
Lamar Stevens,BUST,2020.0,2023.0
Sam Merrill,BUST,2020.0,2023.0
Aaron Nesmith,BUST,2020.0,2023.0
Omer Yurtseven,BUST,2020.0,2023.0
Patrick Williams,BUST,2020.0,2023.0
Precious Achiuwa,BUST,2020.0,2023.0
Josh Green,BUST,2020.0,2023.0
Jordan Nwora,BUST,2020.0,2023.0
Zeke Nnaji,BUST,2020.0,2023.0
Cole Anthony,BUST,2020.0,2023.0
Ziaire Williams,BUST,2021.0,2023.0
Marko Simonovic,BUST,2021.0,2023.0
Olivier Sarr,BUST,2021.0,2023.0
Dyson Daniels,BUST,2021.0,2023.0
Quentin Grimes,BUST,2021.0,2023.0
Ish Wainright,BUST,2021.0,2023.0
Jalen Johnson,BUST,2021.0,2023.0
Jose Alvarado,BUST,2021.0,2023.0
Charles Bassey,BUST,2021.0,2023.0
Jordan Goodwin,BUST,2021.0,2023.0
Santi Aldama,BUST,2021.0,2023.0
Jason Preston,BUST,2021.0,2023.0
Trey Murphy III,BUST,2021.0,2023.0
McKinley Wright IV,BUST,2021.0,2023.0
Lindy Waters III,BUST,2021.0,2023.0
Duane Washington Jr.,BUST,2021.0,2023.0
MarJon Beauchamp,BUST,2021.0,2023.0
Jalen Green,BUST,2021.0,2023.0
Davion Mitchell,BUST,2021.0,2023.0
Neemias Queta,BUST,2021.0,2023.0
Micah Potter,BUST,2021.0,2023.0
Xavier Moon,BUST,2021.0,2023.0
Sam Hauser,BUST,2021.0,2023.0
Isaiah Livers,BUST,2021.0,2023.0
Terry Taylor,BUST,2021.0,2023.0
Xavier Sneed,BUST,2021.0,2023.0
Bones Hyland,BUST,2021.0,2023.0
Josh Christopher,BUST,2021.0,2023.0
Jaden Springer,BUST,2021.0,2023.0
Justin Champagnie,BUST,2021.0,2023.0
Ayo Dosunmu,BUST,2021.0,2023.0
David Duke Jr.,BUST,2021.0,2023.0
Austin Reaves,BUST,2021.0,2023.0
Jericho Sims,BUST,2021.0,2023.0
Chris Duarte,BUST,2021.0,2023.0
Jeff Dowtin Jr.,BUST,2021.0,2023.0
Miles McBride,BUST,2021.0,2023.0
Sandro Mamukelashvili,BUST,2021.0,2023.0
Jay Huff,BUST,2021.0,2023.0
Alperen Sengun,BUST,2021.0,2023.0
Jaden Hardy,BUST,2021.0,2023.0
Moses Moody,BUST,2021.0,2023.0
Usman Garuba,BUST,2021.0,2023.0
Isaiah Todd,BUST,2021.0,2023.0
JT Thor,BUST,2021.0,2023.0
Jock Landale,BUST,2021.0,2023.0
Isaiah Jackson,BUST,2021.0,2023.0
Tre Mann,BUST,2021.0,2023.0
Jeremiah Robinson-Earl,BUST,2021.0,2023.0
Cam Thomas,BUST,2021.0,2023.0
Jared Butler,BUST,2021.0,2023.0
Corey Kispert,BUST,2021.0,2023.0
Vit Krejci,BUST,2021.0,2023.0
Keon Johnson,BUST,2021.0,2023.0
Evan Mobley,BUST,2021.0,2023.0
Cade Cunningham,BUST,2021.0,2023.0
Dalano Banton,BUST,2021.0,2023.0
Jalen Suggs,BUST,2021.0,2023.0
Kai Jones,BUST,2021.0,2023.0
Carlik Jones,BUST,2021.0,2023.0
Lindell Wigginton,BUST,2021.0,2023.0
Joe Wieskamp,BUST,2021.0,2023.0
Gabe York,BUST,2021.0,2023.0
Herbert Jones,BUST,2021.0,2023.0
Aaron Wiggins,BUST,2021.0,2023.0
Josh Giddey,BUST,2021.0,2023.0
Brandon Boston Jr.,BUST,2021.0,2023.0
Jaden Ivey,BUST,2022.0,2023.0
Caleb Houstan,BUST,2022.0,2023.0
Chet Holmgren,BUST,2022.0,2023.0
Vince Williams Jr.,BUST,2022.0,2023.0
Johnny Davis,BUST,2022.0,2023.0
J.D. Davison,BUST,2022.0,2023.0
Dereon Seabron,BUST,2022.0,2023.0
Shaedon Sharpe,BUST,2022.0,2023.0
Jake LaRavia,BUST,2022.0,2023.0
Darius Days,BUST,2022.0,2023.0
Christian Koloko,BUST,2022.0,2023.0
Ochai Agbaji,BUST,2022.0,2023.0
Keegan Murray,BUST,2022.0,2023.0
Isaiah Mobley,BUST,2022.0,2023.0
A.J. Lawson,BUST,2022.0,2023.0
Kendall Brown,BUST,2022.0,2023.0
Simone Fontecchio,BUST,2022.0,2023.0
Moussa Diabate,BUST,2022.0,2023.0
Orlando Robinson,BUST,2022.0,2023.0
Dalen Terry,BUST,2022.0,2023.0
Justin Lewis,BUST,2022.0,2023.0
Jeremy Sochan,BUST,2022.0,2023.0
Jabari Smith Jr.,BUST,2022.0,2023.0
Julian Champagnie,BUST,2022.0,2023.0
Josh Minott,BUST,2022.0,2023.0
David Roddy,BUST,2022.0,2023.0
Ryan Rollins,BUST,2022.0,2023.0
Tari Eason,BUST,2022.0,2023.0
Jalen Duren,BUST,2022.0,2023.0
Keon Ellis,BUST,2022.0,2023.0
Bennedict Mathurin,BUST,2022.0,2023.0
TyTy Washington Jr.,BUST,2022.0,2023.0
AJ Griffin,BUST,2022.0,2023.0
AJ Green,BUST,2022.0,2023.0
RaiQuan Gray,BUST,2022.0,2023.0
Jalen Williams,BUST,2022.0,2023.0
Dominick Barlow,BUST,2022.0,2023.0
Wendell Moore Jr.,BUST,2022.0,2023.0
Lester Quinones,BUST,2022.0,2023.0
Kevon Harris,BUST,2022.0,2023.0
Christian Braun,BUST,2022.0,2023.0
Ron Harper Jr.,BUST,2022.0,2023.0
Jack White,BUST,2022.0,2023.0
Jamal Cain,BUST,2022.0,2023.0
Cole Swider,BUST,2022.0,2023.0
Collin Gillespie,BUST,2022.0,2023.0
Jamaree Bouyea,BUST,2022.0,2023.0
Peyton Watson,BUST,2022.0,2023.0
Malaki Branham,BUST,2022.0,2023.0
Tyrese Martin,BUST,2022.0,2023.0
Buddy Boeheim,BUST,2022.0,2023.0
Patrick Baldwin Jr.,BUST,2022.0,2023.0
Blake Wesley,BUST,2022.0,2023.0
Nikola Jovic,BUST,2022.0,2023.0
Trevor Keels,BUST,2022.0,2023.0
Kenneth Lofton Jr.,BUST,2022.0,2023.0
Mark Williams,BUST,2022.0,2023.0
Walker Kessler,BUST,2022.0,2023.0
Johnny Juzang,BUST,2022.0,2023.0
